SET SQLBLANKLINES ON
CREATE TABLE COMM_TYPE 
(
  COMM_TYPE_ID NUMBER NOT NULL 
, COMM_TYPE_CODE VARCHAR2(255) NOT NULL 
, CONSTRAINT COMM_TYPE_PK PRIMARY KEY 
  (
    COMM_TYPE_ID 
  )
  ENABLE 
);

CREATE TABLE DEPARTMENT 
(
  DEPARTMENT_ID NUMBER NOT NULL 
, DEPARTMENT_NUMBER VARCHAR2(20) NOT NULL 
, DEPARTMENT_NAME VARCHAR2(20) NOT NULL 
, CONSTRAINT DEPARTMENT_PK PRIMARY KEY 
  (
    DEPARTMENT_ID 
  )
  ENABLE 
);

CREATE TABLE FURNISHED_STATUS 
(
  FURNISHED_STATUS_ID NUMBER NOT NULL 
, FURNISHED_STATUS_CODE VARCHAR2(20) NOT NULL 
, CONSTRAINT FURNISHED_STATUS_PK PRIMARY KEY 
  (
    FURNISHED_STATUS_ID 
  )
  ENABLE 
);

CREATE TABLE PAYMENT_TYPE 
(
  PAYMENT_TYPE_ID NUMBER NOT NULL 
, PAYMENT_TYPE_CODE VARCHAR2(255) NOT NULL 
, PAYMENT_TYPE_NAME VARCHAR2(255) NOT NULL 
, CONSTRAINT PAYMENT_TYPE_PK PRIMARY KEY 
  (
    PAYMENT_TYPE_ID 
  )
  ENABLE 
);

CREATE TABLE PROPERTY_TYPE 
(
  PROPERTY_TYPE_ID NUMBER NOT NULL 
, PROPERTY_TYPE_CODE VARCHAR2(20) NOT NULL 
, CONSTRAINT PROPERTY_TYPE_PK PRIMARY KEY 
  (
    PROPERTY_TYPE_ID 
  )
  ENABLE 
);

CREATE TABLE STAFF 
(
  STUFF_ID NUMBER NOT NULL 
, STAFF_NUMBER VARCHAR2(255) NOT NULL 
, NAME VARCHAR2(255) 
, HOME_ADDRESS LONG VARCHAR 
, DOB DATE 
, GENDER VARCHAR2(20) 
, POSITION VARCHAR2(255) 
, LOCATION VARCHAR2(255) 
, CONSTRAINT STAFF_PK PRIMARY KEY 
  (
    STUFF_ID 
  )
  ENABLE 
);

CREATE TABLE COMM_MASTER 
(
  COMM_MASTER_ID NUMBER NOT NULL 
, COMM_MASTER_COMM_TYPE_ID NUMBER NOT NULL 
, COMM_MASTER_ORDER NUMBER 
, COMM_MASTER_DETAIL VARCHAR2(255) 
, CONSTRAINT COMM_MASTER_PK PRIMARY KEY 
  (
    COMM_MASTER_ID 
  )
  ENABLE 
);

CREATE TABLE ADVISOR 
(
  ADVISOR_ID NUMBER NOT NULL 
, NAME VARCHAR2(255) NOT NULL 
, POSITION VARCHAR2(255) 
, DEPARTMENT_ID NUMBER NOT NULL 
, INTERNAL_TELEPHONE_NUMBER VARCHAR2(255) 
, ROOM_NUMBER VARCHAR2(20) NOT NULL 
, CONSTRAINT ADVISOR_PK PRIMARY KEY 
  (
    ADVISOR_ID 
  )
  ENABLE 
);

CREATE TABLE COURSE 
(
  COURSE_ID NUMBER NOT NULL 
, COURSE_NUMBER VARCHAR2(20) NOT NULL 
, COURSE_NAME VARCHAR2(255) NOT NULL 
, COURSE_DEGREE_TITLE VARCHAR2(255) NOT NULL 
, DEGREE_DIRECTOR_NAME VARCHAR2(255) 
, INTERNAL_TELEPHONE_NUMBER VARCHAR2(255) 
, ROOM_NUMBER VARCHAR2(255) 
, DEPARTMENT_ID NUMBER NOT NULL 
, CONSTRAINT COURSE_PK PRIMARY KEY 
  (
    COURSE_ID 
  )
  ENABLE 
);

CREATE TABLE PROPERTY 
(
  PROPERTY_ID NUMBER NOT NULL 
, PROPERTY_TYPE_ID NUMBER NOT NULL 
, NAME VARCHAR2(255) NOT NULL 
, MANAGER_ID NUMBER 
, FLAT_NUMBER VARCHAR2(20) 
, TOTAL_BEDROOMS NUMBER 
, AVAILABLE_BEDROOMS NUMBER 
, CONSTRAINT PROPERTY_PK PRIMARY KEY 
  (
    PROPERTY_ID 
  )
  ENABLE 
);

CREATE TABLE STUDENT 
(
  STUDENT_ID NUMBER NOT NULL 
, IDENTIFICATION_NUMBER VARCHAR2(255) NOT NULL 
, NAME VARCHAR2(255) NOT NULL 
, HOME_ADDRESS VARCHAR2(255) 
, DOB DATE NOT NULL 
, GENDER VARCHAR2(20) NOT NULL 
, CATEGORY_OF_STUDENT VARCHAR2(255) NOT NULL 
, NATIONALITY VARCHAR2(255) 
, SMOKER_OR_NOT CHAR(1) DEFAULT 'N' 
, SPECIAL_NEEDS VARCHAR2(255) 
, ADDITIONAL_COMMENTS VARCHAR2(255) 
, STATUS VARCHAR2(20) 
, STUDENT_DEGREE_COURSE_ID NUMBER 
, STUDENT_ADVISOR_ID NUMBER 
, CONSTRAINT STUDENT_PK PRIMARY KEY 
  (
    STUDENT_ID 
  )
  ENABLE 
);

CREATE TABLE INSPECTION 
(
  INSPECTION_ID NUMBER NOT NULL 
, INSPECTION_STAFF_ID NUMBER NOT NULL 
, INSPECTION_PROPERTY_ID NUMBER NOT NULL 
, INSPECTION_DATE DATE NOT NULL 
, SATISFACTORY CHAR(1) DEFAULT 'Y' NOT NULL 
, ADDITIONAL_COMMENTS LONG VARCHAR 
, CONSTRAINT INSPECTION_PK PRIMARY KEY 
  (
    INSPECTION_ID 
  )
  ENABLE 
);

CREATE TABLE PROPERTY_COMM 
(
  PROPERTY_COMM_ID NUMBER NOT NULL 
, PROPERTY_COMM_PROPERTY_ID NUMBER NOT NULL 
, PROPERTY_COMM_COMM_ID NUMBER NOT NULL 
, CONSTRAINT PROPERTY_COMM_PK PRIMARY KEY 
  (
    PROPERTY_COMM_ID 
  )
  ENABLE 
);

CREATE TABLE NEXT_OF_KIN 
(
  NEXT_OF_KIN_ID NUMBER NOT NULL 
, NEXT_OF_KIN_STUDENT_ID NUMBER NOT NULL 
, NAME VARCHAR2(255) 
, RELATIONSHIP VARCHAR2(255) 
, CONSTRAINT NEXT_OF_KIN_PK PRIMARY KEY 
  (
    NEXT_OF_KIN_ID 
  )
  ENABLE 
);

CREATE TABLE ROOM 
(
  ROOM_ID NUMBER NOT NULL 
, ROOM_PROPERTY_ID NUMBER NOT NULL 
, ROOM_STUDENT_ID NUMBER 
, ROOM_NUMBER VARCHAR2(255) NOT NULL 
, MONTHLY_RENT_RATE DECIMAL(20,2)
, HALL_PLACE_NUMBER VARCHAR2(255) 
, FLAT_PLACE_NUMBER VARCHAR2(255) 
, STUDIO_UNIT_NUMBER VARCHAR2(255) 
, FURNISHED_STATUS_ID NUMBER 
, SELFCATERED CHAR(1) DEFAULT 'N' 
, CONSTRAINT ROOM_PK PRIMARY KEY 
  (
    ROOM_ID 
  )
  ENABLE 
);

CREATE TABLE NEXT_OF_KIN_COMM 
(
  NEXT_OF_KIN_COMM_ID NUMBER NOT NULL 
, NEXT_OF_KIN_ID NUMBER NOT NULL 
, COMM_ID NUMBER NOT NULL 
, CONSTRAINT NEXT_OF_KIN_COMM_PK PRIMARY KEY 
  (
    NEXT_OF_KIN_COMM_ID 
  )
  ENABLE 
);

CREATE TABLE LEASE 
(
  LEASE_ID NUMBER NOT NULL 
, LEASE_ROOM_ID NUMBER NOT NULL 
, LEASE_STUDENT_ID NUMBER NOT NULL 
, LEASE_NUMBER VARCHAR2(255) 
, DURATION NUMBER NOT NULL 
, START_DATE DATE NOT NULL 
, END_DATE DATE 
, SIGN_DATE DATE 
, CONSTRAINT LEASE_PK PRIMARY KEY 
  (
    LEASE_ID 
  )
  ENABLE 
);

CREATE TABLE INVOICE 
(
  INVOICE_ID NUMBER NOT NULL 
, INVOICE_LEASE_ID NUMBER 
, INVOICE_NUMBER VARCHAR2(100) NOT NULL 
, INVOICE_AMOUNT DECIMAL(20,2) NOT NULL 
, SEMESTER VARCHAR2(20) 
, DUE_DATE DATE 
, CONSTRAINT INVOICE_PK PRIMARY KEY 
  (
    INVOICE_ID 
  )
  ENABLE 
);

CREATE TABLE PAYMENT 
(
  PAYMENT_ID NUMBER NOT NULL 
, PAYMENT_INVOICE_ID NUMBER NOT NULL 
, PAYMENT_TYPE_ID NUMBER NOT NULL 
, PAYMENT_AMOUNT DECIMAL(20,2) NOT NULL 
, PAYMENT_DATE DATE NOT NULL 
, REMINDER_SENT CHAR(1) DEFAULT 'N' 
, CONSTRAINT PAYMENT_PK PRIMARY KEY 
  (
    PAYMENT_ID 
  )
  ENABLE 
);

ALTER TABLE COMM_TYPE
ADD CONSTRAINT COMM_TYPE_UK1 UNIQUE 
(
  COMM_TYPE_CODE 
)
ENABLE;

ALTER TABLE DEPARTMENT
ADD CONSTRAINT DEPARTMENT_UK1 UNIQUE 
(
  DEPARTMENT_NUMBER 
)
ENABLE;

ALTER TABLE FURNISHED_STATUS
ADD CONSTRAINT FURNISHED_STATUS_UK1 UNIQUE 
(
  FURNISHED_STATUS_CODE 
)
ENABLE;

ALTER TABLE INVOICE
ADD CONSTRAINT INVOICE_UK1 UNIQUE 
(
  INVOICE_NUMBER 
)
ENABLE;

ALTER TABLE LEASE
ADD CONSTRAINT LEASE_UK1 UNIQUE 
(
  LEASE_NUMBER 
)
ENABLE;

ALTER TABLE PAYMENT_TYPE
ADD CONSTRAINT PAYMENT_TYPE_UK1 UNIQUE 
(
  PAYMENT_TYPE_CODE 
)
ENABLE;

ALTER TABLE PROPERTY
ADD CONSTRAINT PROPERTY_UK1 UNIQUE 
(
  FLAT_NUMBER 
)
ENABLE;

ALTER TABLE PROPERTY_TYPE
ADD CONSTRAINT PROPERTY_TYPE_UK1 UNIQUE 
(
  PROPERTY_TYPE_CODE 
)
ENABLE;

ALTER TABLE ROOM
ADD CONSTRAINT ROOM_UK1 UNIQUE 
(
  HALL_PLACE_NUMBER 
)
ENABLE;

ALTER TABLE ROOM
ADD CONSTRAINT ROOM_UK2 UNIQUE 
(
  FLAT_PLACE_NUMBER 
)
ENABLE;

ALTER TABLE ROOM
ADD CONSTRAINT ROOM_UK3 UNIQUE 
(
  STUDIO_UNIT_NUMBER 
)
ENABLE;

ALTER TABLE STAFF
ADD CONSTRAINT STAFF_UK1 UNIQUE 
(
  STAFF_NUMBER 
)
ENABLE;

ALTER TABLE STUDENT
ADD CONSTRAINT STUDENT_UK1 UNIQUE 
(
  IDENTIFICATION_NUMBER 
)
ENABLE;

ALTER TABLE ADVISOR
ADD CONSTRAINT ADVISOR_FK1 FOREIGN KEY
(
  DEPARTMENT_ID 
)
REFERENCES DEPARTMENT
(
  DEPARTMENT_ID 
)
ENABLE;

ALTER TABLE COMM_MASTER
ADD CONSTRAINT COMM_MASTER_FK1 FOREIGN KEY
(
  COMM_MASTER_COMM_TYPE_ID 
)
REFERENCES COMM_TYPE
(
  COMM_TYPE_ID 
)
ENABLE;

ALTER TABLE COURSE
ADD CONSTRAINT COURSE_FK1 FOREIGN KEY
(
  DEPARTMENT_ID 
)
REFERENCES DEPARTMENT
(
  DEPARTMENT_ID 
)
ENABLE;

ALTER TABLE INSPECTION
ADD CONSTRAINT INSPECTION_FK1 FOREIGN KEY
(
  INSPECTION_PROPERTY_ID 
)
REFERENCES PROPERTY
(
  PROPERTY_ID 
)
ENABLE;

ALTER TABLE INSPECTION
ADD CONSTRAINT INSPECTION_FK2 FOREIGN KEY
(
  INSPECTION_STAFF_ID 
)
REFERENCES STAFF
(
  STUFF_ID 
)
ENABLE;

ALTER TABLE INVOICE
ADD CONSTRAINT INVOICE_FK3 FOREIGN KEY
(
  INVOICE_LEASE_ID 
)
REFERENCES LEASE
(
  LEASE_ID 
)
ENABLE;

ALTER TABLE LEASE
ADD CONSTRAINT LEASE_FK1 FOREIGN KEY
(
  LEASE_STUDENT_ID 
)
REFERENCES STUDENT
(
  STUDENT_ID 
)
ENABLE;

ALTER TABLE LEASE
ADD CONSTRAINT LEASE_FK2 FOREIGN KEY
(
  LEASE_ROOM_ID 
)
REFERENCES ROOM
(
  ROOM_ID 
)
ENABLE;

ALTER TABLE NEXT_OF_KIN
ADD CONSTRAINT NEXT_OF_KIN_FK1 FOREIGN KEY
(
  NEXT_OF_KIN_STUDENT_ID 
)
REFERENCES STUDENT
(
  STUDENT_ID 
)
ENABLE;

ALTER TABLE NEXT_OF_KIN_COMM
ADD CONSTRAINT NEXT_OF_KIN_COMM_FK1 FOREIGN KEY
(
  NEXT_OF_KIN_ID 
)
REFERENCES NEXT_OF_KIN
(
  NEXT_OF_KIN_ID 
)
ENABLE;

ALTER TABLE NEXT_OF_KIN_COMM
ADD CONSTRAINT NEXT_OF_KIN_COMM_FK2 FOREIGN KEY
(
  COMM_ID 
)
REFERENCES COMM_MASTER
(
  COMM_MASTER_ID 
)
ENABLE;

ALTER TABLE PAYMENT
ADD CONSTRAINT PAYMENT_FK1 FOREIGN KEY
(
  PAYMENT_INVOICE_ID 
)
REFERENCES INVOICE
(
  INVOICE_ID 
)
ENABLE;

ALTER TABLE PAYMENT
ADD CONSTRAINT PAYMENT_FK2 FOREIGN KEY
(
  PAYMENT_TYPE_ID 
)
REFERENCES PAYMENT_TYPE
(
  PAYMENT_TYPE_ID 
)
ENABLE;

ALTER TABLE PROPERTY
ADD CONSTRAINT PROPERTY_FK1 FOREIGN KEY
(
  MANAGER_ID 
)
REFERENCES STAFF
(
  STUFF_ID 
)
ENABLE;

ALTER TABLE PROPERTY
ADD CONSTRAINT PROPERTY_FK2 FOREIGN KEY
(
  PROPERTY_TYPE_ID 
)
REFERENCES PROPERTY_TYPE
(
  PROPERTY_TYPE_ID 
)
ENABLE;

ALTER TABLE PROPERTY_COMM
ADD CONSTRAINT PROPERTY_COMM_FK1 FOREIGN KEY
(
  PROPERTY_COMM_PROPERTY_ID 
)
REFERENCES PROPERTY
(
  PROPERTY_ID 
)
ENABLE;

ALTER TABLE PROPERTY_COMM
ADD CONSTRAINT PROPERTY_COMM_FK2 FOREIGN KEY
(
  PROPERTY_COMM_COMM_ID 
)
REFERENCES COMM_MASTER
(
  COMM_MASTER_ID 
)
ENABLE;

ALTER TABLE ROOM
ADD CONSTRAINT ROOM_FK1 FOREIGN KEY
(
  ROOM_PROPERTY_ID 
)
REFERENCES PROPERTY
(
  PROPERTY_ID 
)
ENABLE;

ALTER TABLE ROOM
ADD CONSTRAINT ROOM_FK2 FOREIGN KEY
(
  ROOM_STUDENT_ID 
)
REFERENCES STUDENT
(
  STUDENT_ID 
)
ENABLE;

ALTER TABLE ROOM
ADD CONSTRAINT ROOM_FK3 FOREIGN KEY
(
  FURNISHED_STATUS_ID 
)
REFERENCES FURNISHED_STATUS
(
  FURNISHED_STATUS_ID 
)
ENABLE;

ALTER TABLE STUDENT
ADD CONSTRAINT STUDENT_FK1 FOREIGN KEY
(
  STUDENT_DEGREE_COURSE_ID 
)
REFERENCES COURSE
(
  COURSE_ID 
)
ENABLE;

ALTER TABLE STUDENT
ADD CONSTRAINT STUDENT_FK2 FOREIGN KEY
(
  STUDENT_ADVISOR_ID 
)
REFERENCES ADVISOR
(
  ADVISOR_ID 
)
ENABLE;

COMMENT ON COLUMN COMM_TYPE.COMM_TYPE_CODE IS 'phone_work,phone_home,fax, mob,address,post';

COMMENT ON COLUMN FURNISHED_STATUS.FURNISHED_STATUS_CODE IS 'fully, partly';

COMMENT ON COLUMN INVOICE.INVOICE_NUMBER IS 'unique';

COMMENT ON COLUMN LEASE.DURATION IS 'semesters';

COMMENT ON COLUMN PROPERTY.PROPERTY_TYPE_ID IS 'hall, flats, studio';

COMMENT ON COLUMN PROPERTY.FLAT_NUMBER IS 'unique';

COMMENT ON COLUMN PROPERTY_TYPE.PROPERTY_TYPE_CODE IS 'hall, flats, studio';

COMMENT ON COLUMN ROOM.HALL_PLACE_NUMBER IS 'unique';

COMMENT ON COLUMN ROOM.FLAT_PLACE_NUMBER IS 'unique';

COMMENT ON COLUMN ROOM.STUDIO_UNIT_NUMBER IS 'unique';

COMMENT ON COLUMN ROOM.FURNISHED_STATUS_ID IS 'fully or partly';


ALTER SESSION SET NLS_DATE_FORMAT = 'DD/MM/YYYY';

INSERT INTO department VALUES(1,'001', 'Art');
INSERT INTO department VALUES(2,'002', 'Accountancy');

INSERT INTO advisor VALUES(1,'Jason', 'professor', 1, '021-0123456', 'A001');
INSERT INTO advisor VALUES(2,'Dave', 'assistant', 2, '021-0123456', 'BK839');
INSERT INTO advisor VALUES(3,'Lucy', 'assistant', 1, '021-0123456', '774012');

INSERT INTO COMM_TYPE VALUES(1,'phone_work');
INSERT INTO COMM_TYPE VALUES(2,'phone_home');
INSERT INTO COMM_TYPE VALUES(3,'fax');
INSERT INTO COMM_TYPE VALUES(4,'mob');
INSERT INTO COMM_TYPE VALUES(5,'address');
INSERT INTO COMM_TYPE VALUES(6,'post');


INSERT INTO COMM_MASTER VALUES(1, 4, 1, '021-0766564');
INSERT INTO COMM_MASTER VALUES(2, 2, 1, '021-233245');
INSERT INTO COMM_MASTER VALUES(3, 1, 1, '021-342154326');
INSERT INTO COMM_MASTER VALUES(4, 5, 1, '1 Queen St, Auckland');
INSERT INTO COMM_MASTER VALUES(5, 6, 1, '2 Queen St, Auckland');

INSERT INTO course VALUES(1,'001a', 'Introductory Financial Accounting', 'Bachelor of Accountancy', 'Teemo', '077-767643', 'A2007', 1);
INSERT INTO course VALUES(2,'003c', 'Advanced Taxation', 'Bachelor of AgriCommerce', 'Lily', '123-65654', 'B443', 2);


INSERT INTO STAFF VALUES(1, '70345231', 'Alex', '3 Queen St', '20/02/1989', 'Male', 'Professor', 'A001');
INSERT INTO STAFF VALUES(2, '5675785672', 'George', '4 Queen St', '13/02/1989', 'Male', 'Associate Professor', 'B02');
INSERT INTO STAFF VALUES(3, '87967342', 'Doris', '5 Queen St', '13/05/1994', 'Female', 'Lecturer', 'cc31');

insert into property_type VALUES(1,'Hall');
insert into property_type VALUES(2,'Flats');
insert into property_type VALUES(3,'Studio');

insert into property values(1, 1, 'RoseHome', 1, null, 20, 11);
insert into property values(2, 3, 'Basil', 2, null, 5, 4);
insert into property values(3, 2, 'Banana', 3, 'K309', 7, 2);

insert into property_comm values(1, 1, 2);
insert into property_comm values(2, 1, 3);
insert into property_comm values(3, 1, 5);
insert into property_comm values(4, 2, 1);
insert into property_comm values(5, 2, 5);
insert into property_comm values(6, 3, 4);

insert into inspection values(1, 2, 3, '12/04/2020', 'Y', 'Good');
insert into inspection values(2, 1, 1, '24/04/2020', 'Y', null);
insert into inspection values(3, 3, 2, '24/03/2020', 'N', 'It smells');


insert into STUDENT values(1, '432153214532', 'william', '10 Queen St, Auckland', '25/01/1994', 'Male', 'international', 'China', 'N', '', '', 'enrolled', 1,2);
insert into STUDENT values(2, '656532454566', 'James', '11 Queen St, Auckland', '12/07/1994', 'Male', 'international', 'USA', 'N', '', '', 'enrolled', 1,2);
insert into STUDENT values(3, '6554637435', 'Harper', '12 Queen St, Auckland', '22/02/1996', 'Male', 'domestic', 'New Zealand', 'N', '', '', 'enrolled', 1,2);
insert into STUDENT values(4, '132432143214', 'Mason', '13 Queen St, Auckland', '21/08/1987', 'Male', 'domestic', 'New Zealand', 'Y', '', '', 'enrolled', 1,2);
insert into STUDENT values(5, '342543564567', 'Ella', '14 Queen St, Auckland', '27/09/1991', 'Female', 'domestic', 'New Zealand', 'N', '', '', 'enrolled', 1,2);
insert into STUDENT values(6, '68758252345', 'Scarlett', '15 Queen St, Auckland', '13/11/1992', 'Female', 'international', 'India', 'N', '', '', 'suspended', 1,2);
insert into STUDENT values(7, '45637586454', 'Lily', '16 Queen St, Auckland', '08/12/1989', 'Female', 'international', 'TaiWan', 'N', '', '', 'enrolled', 1,2);


insert into FURNISHED_STATUS values(1, 'Fully');
insert into FURNISHED_STATUS values(2, 'Partly');


insert into room values(1, 1, 1, 'A330', 180.00, 'H0001', null, null, 1, 'N');
insert into room values(2, 2, 2, 'K32445', 600.05, null, null, 'S3301', 2, 'Y');
insert into room values(3, 3, 3, '34FJS21', 450.00, null, 'F0992', null, 1, 'Y');
insert into room values(4, 3, 3, 'FJ771', 420.24, null, 'F0993', null, 1, 'Y');
insert into room values(5, 1, 4, 'A330', 180.00, 'H0002', null, null, 1, 'N');
insert into room values(6, 1, 5, 'A330', 180.00, 'H0003', null, null, 1, 'Y');
insert into room values(7, 1, 6, 'A330', 180.00, 'H0444', null, null, 1, 'Y');
insert into room values(8, 2, 7, 'K32445', 820, null, null, 'S9992', 2, 'Y');


insert into lease values(1, 1, 1, 'LS23452', 2, '19/1/2020', '1/11/2021', '3/12/2019');
insert into lease values(2, 2, 2, 'LS2782', 2, '1/1/2020', '1/12/2021', '12/12/2019');
insert into lease values(3, 3, 3, 'LS235562', 2, '1/1/2020', '16/1/2021', '12/12/2019');
insert into lease values(4, 4, 3, 'LS9y8989', 2, '17/1/2020', '1/1/2021', '4/12/2019');
insert into lease values(5, 5, 4, 'LS212342', 2, '1/1/2020', '1/1/2021', '12/12/2019');
insert into lease values(6, 6, 5, 'LS23dxzf2', 2, '16/1/2020', '14/1/2021', '5/12/2019');
insert into lease values(7, 7, 6, 'LS20002', 2, '16/1/2020', '1/1/2021', '12/12/2019');
insert into lease values(10, 8, 7, 'LS2546652', 3, '11/1/2020', '1/1/2021', '6/12/2019');

-- history lease:
insert into lease values(8, 3, 1, 'LS666652', 2, '1/1/2012', '1/1/2015', '12/12/2011');
insert into lease values(9, 4, 7, 'LS287878', 5, '25/8/2015', '1/3/2016', '1/7/2015');


insert into invoice values(1, 1, 'INV987943', 300, '2020A', '16/1/2020');
insert into invoice values(2, 3, 'INVr4534', 200, '2020B', '16/2/2020');
insert into invoice values(3, 6, 'INV945y6h', 360.43, '2021A', '16/3/2021');
insert into invoice values(4, 8, 'INVdfhjj4343', 734.55, '2019A', '16/4/2019');


insert into next_of_kin values(1, 1, 'Wyatt', 'Father');
insert into next_of_kin values(2, 2, 'Lillian', 'Mother');
insert into next_of_kin values(3, 1, 'Julian', 'Mother');


insert into next_of_kin_comm values(1, 1, 1);
insert into next_of_kin_comm values(2, 2, 3);
insert into next_of_kin_comm values(3, 3, 4);
insert into next_of_kin_comm values(4, 2, 2);


insert into payment_type values(1, 'DC', 'Direct Credit');
insert into payment_type values(2, 'DD', 'Direct Debit');
insert into payment_type values(3, 'CASH', 'Cash');
insert into payment_type values(4, 'CHQUE', 'Chque');


insert into payment values(1, 1, 1, 300, '01/02/2020', 'N');
insert into payment values(2, 2, 1, 200, '01/02/2020', 'N');
insert into payment values(3, 3, 2, 100.32, '01/02/2020', 'Y');
insert into payment values(4, 3, 4, 150.77, '01/02/2020', 'Y');



